<application>
  <component name="AndroidLogcatFilterHistory">
    <option name="mostRecentlyUsed" value="leak" />
    <option name="nonFavorites">
      <list>
        <option value="leak" />
        <option value="tag:KotlinMVPDemo" />
        <option value="com.example.kotlinmvpdemo.ceshi" />
        <option value="=-=" />
        <option value="package:mine " />
        <option value="tag:" />
        <option value="AndroidAutoSize" />
        <option value="dpi" />
        <option value="AutoSize" />
        <option value="au" />
        <option value="Rxjava2UseActivity" />
        <option value="-&gt;" />
        <option value="process:com.example.kotlinmvpdemo.ceshi:haha2 " />
        <option value="tag:=-=" />
        <option value="3300-3300" />
      </list>
    </option>
  </component>
</application>