<application>
  <component name="FileTypeManager" version="18">
    <extensionMap>
      <mapping ext="main.kts" type="Kotlin" />
      <mapping pattern="文档_设计模式" type="PLAIN_TEXT" />
      <mapping pattern="DesignPatterns" type="PLAIN_TEXT" />
      <mapping pattern="文档_Android动画" type="PLAIN_TEXT" />
      <mapping pattern="抽象类和接口的异同" type="PLAIN_TEXT" />
      <mapping pattern="文档_Canvas类_Path" type="PLAIN_TEXT" />
      <mapping pattern="文档_贝塞尔曲线" type="PLAIN_TEXT" />
      <removed_mapping ext="apk" approved="true" type="ARCHIVE" />
      <removed_mapping ext="psd" approved="true" type="Image" />
    </extensionMap>
  </component>
</application>