<application>
  <component name="GeneralSettings">
    <option name="confirmExit" value="false" />
    <option name="searchInBackground" value="true" />
  </component>
  <component name="Registry">
    <entry key="ide.firstStartup" value="false" />
    <entry key="SBT.system.in.process" value="true" />
    <entry key="debugger.watches.in.variables" value="false" />
    <entry key="external.system.auto.import.disabled" value="true" />
    <entry key="documentation.show.toolbar" value="true" />
    <entry key="ide.text.editor.with.preview.show.floating.toolbar" value="false" />
  </component>
  <component name="StatusBar">
    <option name="widgets">
      <map>
        <entry key="Memory" value="true" />
      </map>
    </option>
  </component>
</application>