<application>
  <component name="ProjectJdkTable">
    <jdk version="2">
      <name value="1.8" />
      <type value="JavaSDK" />
      <version value="Oracle OpenJDK version 1.8.0_60" />
      <homePath value="C:/Program Files/Java/jdk1.8.0_60" />
      <roots>
        <annotationsPath>
          <root type="composite">
            <root url="jar://$APPLICATION_HOME_DIR$/plugins/java/lib/resources/jdkAnnotations.jar!/" type="simple" />
          </root>
        </annotationsPath>
        <classPath>
          <root type="composite">
            <root url="jar://C:/Program Files/Java/jdk1.8.0_60/jre/lib/charsets.jar!/" type="simple" />
            <root url="jar://C:/Program Files/Java/jdk1.8.0_60/jre/lib/deploy.jar!/" type="simple" />
            <root url="jar://C:/Program Files/Java/jdk1.8.0_60/jre/lib/ext/access-bridge-64.jar!/" type="simple" />
            <root url="jar://C:/Program Files/Java/jdk1.8.0_60/jre/lib/ext/cldrdata.jar!/" type="simple" />
            <root url="jar://C:/Program Files/Java/jdk1.8.0_60/jre/lib/ext/dnsns.jar!/" type="simple" />
            <root url="jar://C:/Program Files/Java/jdk1.8.0_60/jre/lib/ext/jaccess.jar!/" type="simple" />
            <root url="jar://C:/Program Files/Java/jdk1.8.0_60/jre/lib/ext/jfxrt.jar!/" type="simple" />
            <root url="jar://C:/Program Files/Java/jdk1.8.0_60/jre/lib/ext/localedata.jar!/" type="simple" />
            <root url="jar://C:/Program Files/Java/jdk1.8.0_60/jre/lib/ext/nashorn.jar!/" type="simple" />
            <root url="jar://C:/Program Files/Java/jdk1.8.0_60/jre/lib/ext/sunec.jar!/" type="simple" />
            <root url="jar://C:/Program Files/Java/jdk1.8.0_60/jre/lib/ext/sunjce_provider.jar!/" type="simple" />
            <root url="jar://C:/Program Files/Java/jdk1.8.0_60/jre/lib/ext/sunmscapi.jar!/" type="simple" />
            <root url="jar://C:/Program Files/Java/jdk1.8.0_60/jre/lib/ext/sunpkcs11.jar!/" type="simple" />
            <root url="jar://C:/Program Files/Java/jdk1.8.0_60/jre/lib/ext/zipfs.jar!/" type="simple" />
            <root url="jar://C:/Program Files/Java/jdk1.8.0_60/jre/lib/javaws.jar!/" type="simple" />
            <root url="jar://C:/Program Files/Java/jdk1.8.0_60/jre/lib/jce.jar!/" type="simple" />
            <root url="jar://C:/Program Files/Java/jdk1.8.0_60/jre/lib/jfr.jar!/" type="simple" />
            <root url="jar://C:/Program Files/Java/jdk1.8.0_60/jre/lib/jfxswt.jar!/" type="simple" />
            <root url="jar://C:/Program Files/Java/jdk1.8.0_60/jre/lib/jsse.jar!/" type="simple" />
            <root url="jar://C:/Program Files/Java/jdk1.8.0_60/jre/lib/management-agent.jar!/" type="simple" />
            <root url="jar://C:/Program Files/Java/jdk1.8.0_60/jre/lib/plugin.jar!/" type="simple" />
            <root url="jar://C:/Program Files/Java/jdk1.8.0_60/jre/lib/resources.jar!/" type="simple" />
            <root url="jar://C:/Program Files/Java/jdk1.8.0_60/jre/lib/rt.jar!/" type="simple" />
          </root>
        </classPath>
        <javadocPath>
          <root type="composite" />
        </javadocPath>
        <sourcePath>
          <root type="composite">
            <root url="jar://C:/Program Files/Java/jdk1.8.0_60/src.zip!/" type="simple" />
            <root url="jar://C:/Program Files/Java/jdk1.8.0_60/javafx-src.zip!/" type="simple" />
          </root>
        </sourcePath>
      </roots>
      <additional />
    </jdk>
    <jdk version="2">
      <name value="Android API 19 Platform" />
      <type value="Android SDK" />
      <version value="java version &quot;1.8.0_60&quot;" />
      <homePath value="D:/xiaoqi/work/androidsdk" />
      <roots>
        <annotationsPath>
          <root type="composite">
            <root url="jar://$APPLICATION_HOME_DIR$/plugins/android/lib/androidAnnotations.jar!/" type="simple" />
          </root>
        </annotationsPath>
        <classPath>
          <root type="composite">
            <root url="jar://D:/xiaoqi/work/androidsdk/platforms/android-19/android.jar!/" type="simple" />
            <root url="file://D:/xiaoqi/work/androidsdk/platforms/android-19/data/res" type="simple" />
          </root>
        </classPath>
        <javadocPath>
          <root type="composite">
            <root url="http://developer.android.com/reference/" type="simple" />
          </root>
        </javadocPath>
        <sourcePath>
          <root type="composite" />
        </sourcePath>
      </roots>
      <additional jdk="1.8" sdk="android-19" />
    </jdk>
    <jdk version="2">
      <name value="Android API 20 Platform" />
      <type value="Android SDK" />
      <version value="java version &quot;1.8.0_60&quot;" />
      <homePath value="D:/xiaoqi/work/androidsdk" />
      <roots>
        <annotationsPath>
          <root type="composite">
            <root url="jar://$APPLICATION_HOME_DIR$/plugins/android/lib/androidAnnotations.jar!/" type="simple" />
          </root>
        </annotationsPath>
        <classPath>
          <root type="composite">
            <root url="jar://D:/xiaoqi/work/androidsdk/platforms/android-20/android.jar!/" type="simple" />
            <root url="file://D:/xiaoqi/work/androidsdk/platforms/android-20/data/res" type="simple" />
          </root>
        </classPath>
        <javadocPath>
          <root type="composite">
            <root url="http://developer.android.com/reference/" type="simple" />
          </root>
        </javadocPath>
        <sourcePath>
          <root type="composite" />
        </sourcePath>
      </roots>
      <additional jdk="1.8" sdk="android-20" />
    </jdk>
    <jdk version="2">
      <name value="Android API 21 Platform" />
      <type value="Android SDK" />
      <version value="java version &quot;1.8.0_60&quot;" />
      <homePath value="D:/xiaoqi/work/androidsdk" />
      <roots>
        <annotationsPath>
          <root type="composite">
            <root url="jar://$APPLICATION_HOME_DIR$/plugins/android/lib/androidAnnotations.jar!/" type="simple" />
          </root>
        </annotationsPath>
        <classPath>
          <root type="composite">
            <root url="jar://D:/xiaoqi/work/androidsdk/platforms/android-21/android.jar!/" type="simple" />
            <root url="file://D:/xiaoqi/work/androidsdk/platforms/android-21/data/res" type="simple" />
          </root>
        </classPath>
        <javadocPath>
          <root type="composite">
            <root url="http://developer.android.com/reference/" type="simple" />
          </root>
        </javadocPath>
        <sourcePath>
          <root type="composite" />
        </sourcePath>
      </roots>
      <additional jdk="1.8" sdk="android-21" />
    </jdk>
    <jdk version="2">
      <name value="Android API 22 Platform" />
      <type value="Android SDK" />
      <version value="java version &quot;1.8.0_60&quot;" />
      <homePath value="D:/xiaoqi/work/androidsdk" />
      <roots>
        <annotationsPath>
          <root type="composite">
            <root url="jar://$APPLICATION_HOME_DIR$/plugins/android/lib/androidAnnotations.jar!/" type="simple" />
          </root>
        </annotationsPath>
        <classPath>
          <root type="composite">
            <root url="jar://D:/xiaoqi/work/androidsdk/platforms/android-22/android.jar!/" type="simple" />
            <root url="file://D:/xiaoqi/work/androidsdk/platforms/android-22/data/res" type="simple" />
          </root>
        </classPath>
        <javadocPath>
          <root type="composite">
            <root url="http://developer.android.com/reference/" type="simple" />
          </root>
        </javadocPath>
        <sourcePath>
          <root type="composite" />
        </sourcePath>
      </roots>
      <additional jdk="1.8" sdk="android-22" />
    </jdk>
    <jdk version="2">
      <name value="Android API 23 Platform" />
      <type value="Android SDK" />
      <version value="java version &quot;1.8.0_60&quot;" />
      <homePath value="D:/xiaoqi/work/androidsdk" />
      <roots>
        <annotationsPath>
          <root type="composite">
            <root url="jar://$APPLICATION_HOME_DIR$/plugins/android/lib/androidAnnotations.jar!/" type="simple" />
          </root>
        </annotationsPath>
        <classPath>
          <root type="composite">
            <root url="jar://D:/xiaoqi/work/androidsdk/platforms/android-23/android.jar!/" type="simple" />
            <root url="file://D:/xiaoqi/work/androidsdk/platforms/android-23/data/res" type="simple" />
          </root>
        </classPath>
        <javadocPath>
          <root type="composite">
            <root url="http://developer.android.com/reference/" type="simple" />
          </root>
        </javadocPath>
        <sourcePath>
          <root type="composite" />
        </sourcePath>
      </roots>
      <additional jdk="1.8" sdk="android-23" />
    </jdk>
    <jdk version="2">
      <name value="Android API 24 Platform" />
      <type value="Android SDK" />
      <version value="java version &quot;1.8.0_60&quot;" />
      <homePath value="D:/xiaoqi/work/androidsdk" />
      <roots>
        <annotationsPath>
          <root type="composite">
            <root url="jar://$APPLICATION_HOME_DIR$/plugins/android/lib/androidAnnotations.jar!/" type="simple" />
          </root>
        </annotationsPath>
        <classPath>
          <root type="composite">
            <root url="jar://D:/xiaoqi/work/androidsdk/platforms/android-24/android.jar!/" type="simple" />
            <root url="file://D:/xiaoqi/work/androidsdk/platforms/android-24/data/res" type="simple" />
          </root>
        </classPath>
        <javadocPath>
          <root type="composite">
            <root url="http://developer.android.com/reference/" type="simple" />
          </root>
        </javadocPath>
        <sourcePath>
          <root type="composite" />
        </sourcePath>
      </roots>
      <additional jdk="1.8" sdk="android-24" />
    </jdk>
    <jdk version="2">
      <name value="Android API 25 Platform" />
      <type value="Android SDK" />
      <version value="java version &quot;1.8.0_60&quot;" />
      <homePath value="D:/xiaoqi/work/androidsdk" />
      <roots>
        <annotationsPath>
          <root type="composite">
            <root url="jar://$APPLICATION_HOME_DIR$/plugins/android/lib/androidAnnotations.jar!/" type="simple" />
          </root>
        </annotationsPath>
        <classPath>
          <root type="composite">
            <root url="jar://D:/xiaoqi/work/androidsdk/platforms/android-25/android.jar!/" type="simple" />
            <root url="file://D:/xiaoqi/work/androidsdk/platforms/android-25/data/res" type="simple" />
          </root>
        </classPath>
        <javadocPath>
          <root type="composite">
            <root url="http://developer.android.com/reference/" type="simple" />
          </root>
        </javadocPath>
        <sourcePath>
          <root type="composite" />
        </sourcePath>
      </roots>
      <additional jdk="1.8" sdk="android-25" />
    </jdk>
    <jdk version="2">
      <name value="Android API 26 Platform" />
      <type value="Android SDK" />
      <version value="java version &quot;1.8.0_60&quot;" />
      <homePath value="D:/xiaoqi/work/androidsdk" />
      <roots>
        <annotationsPath>
          <root type="composite">
            <root url="jar://$APPLICATION_HOME_DIR$/plugins/android/lib/androidAnnotations.jar!/" type="simple" />
          </root>
        </annotationsPath>
        <classPath>
          <root type="composite">
            <root url="jar://D:/xiaoqi/work/androidsdk/platforms/android-26/android.jar!/" type="simple" />
            <root url="file://D:/xiaoqi/work/androidsdk/platforms/android-26/data/res" type="simple" />
          </root>
        </classPath>
        <javadocPath>
          <root type="composite" />
        </javadocPath>
        <sourcePath>
          <root type="composite">
            <root url="file://D:/xiaoqi/work/androidsdk/sources/android-26" type="simple" />
          </root>
        </sourcePath>
      </roots>
      <additional jdk="1.8" sdk="android-26" />
    </jdk>
    <jdk version="2">
      <name value="Android API 27 Platform" />
      <type value="Android SDK" />
      <version value="java version &quot;1.8.0_60&quot;" />
      <homePath value="D:/xiaoqi/work/androidsdk" />
      <roots>
        <annotationsPath>
          <root type="composite">
            <root url="jar://$APPLICATION_HOME_DIR$/plugins/android/lib/androidAnnotations.jar!/" type="simple" />
          </root>
        </annotationsPath>
        <classPath>
          <root type="composite">
            <root url="jar://D:/xiaoqi/work/androidsdk/platforms/android-27/android.jar!/" type="simple" />
            <root url="file://D:/xiaoqi/work/androidsdk/platforms/android-27/data/res" type="simple" />
          </root>
        </classPath>
        <javadocPath>
          <root type="composite">
            <root url="http://developer.android.com/reference/" type="simple" />
          </root>
        </javadocPath>
        <sourcePath>
          <root type="composite" />
        </sourcePath>
      </roots>
      <additional jdk="1.8" sdk="android-27" />
    </jdk>
    <jdk version="2">
      <name value="Android API 28 Platform" />
      <type value="Android SDK" />
      <version value="java version &quot;1.8.0_60&quot;" />
      <homePath value="D:/xiaoqi/work/androidsdk" />
      <roots>
        <annotationsPath>
          <root type="composite">
            <root url="jar://D:/xiaoqi/work/androidsdk/platforms/android-28/data/annotations.zip!/" type="simple" />
          </root>
        </annotationsPath>
        <classPath>
          <root type="composite">
            <root url="jar://D:/xiaoqi/work/androidsdk/platforms/android-28/android.jar!/" type="simple" />
            <root url="file://D:/xiaoqi/work/androidsdk/platforms/android-28/data/res" type="simple" />
          </root>
        </classPath>
        <javadocPath>
          <root type="composite">
            <root url="http://developer.android.com/reference/" type="simple" />
          </root>
        </javadocPath>
        <sourcePath>
          <root type="composite" />
        </sourcePath>
      </roots>
      <additional jdk="1.8" sdk="android-28" />
    </jdk>
    <jdk version="2">
      <name value="Android API 29 Platform" />
      <type value="Android SDK" />
      <version value="java version &quot;1.8.0_60&quot;" />
      <homePath value="D:/xiaoqi/work/androidsdk" />
      <roots>
        <annotationsPath>
          <root type="composite">
            <root url="jar://D:/xiaoqi/work/androidsdk/platforms/android-29/data/annotations.zip!/" type="simple" />
          </root>
        </annotationsPath>
        <classPath>
          <root type="composite">
            <root url="jar://D:/xiaoqi/work/androidsdk/platforms/android-29/android.jar!/" type="simple" />
            <root url="file://D:/xiaoqi/work/androidsdk/platforms/android-29/data/res" type="simple" />
          </root>
        </classPath>
        <javadocPath>
          <root type="composite" />
        </javadocPath>
        <sourcePath>
          <root type="composite">
            <root url="file://D:/xiaoqi/work/androidsdk/sources/android-29" type="simple" />
          </root>
        </sourcePath>
      </roots>
      <additional jdk="1.8" sdk="android-29" />
    </jdk>
    <jdk version="2">
      <name value="Android API 30 Platform" />
      <type value="Android SDK" />
      <version value="java version &quot;1.8.0_60&quot;" />
      <homePath value="D:/xiaoqi/work/androidsdk" />
      <roots>
        <annotationsPath>
          <root type="composite">
            <root url="jar://D:/xiaoqi/work/androidsdk/platforms/android-30/data/annotations.zip!/" type="simple" />
          </root>
        </annotationsPath>
        <classPath>
          <root type="composite">
            <root url="jar://D:/xiaoqi/work/androidsdk/platforms/android-30/android.jar!/" type="simple" />
            <root url="file://D:/xiaoqi/work/androidsdk/platforms/android-30/data/res" type="simple" />
          </root>
        </classPath>
        <javadocPath>
          <root type="composite" />
        </javadocPath>
        <sourcePath>
          <root type="composite">
            <root url="file://D:/xiaoqi/work/androidsdk/sources/android-30" type="simple" />
          </root>
        </sourcePath>
      </roots>
      <additional jdk="1.8" sdk="android-30" />
    </jdk>
    <jdk version="2">
      <name value="Embedded JDK" />
      <type value="JavaSDK" />
      <version value="JetBrains Runtime version 11.0.15" />
      <homePath value="$APPLICATION_HOME_DIR$/jbr" />
      <roots>
        <annotationsPath>
          <root type="composite">
            <root url="jar://$APPLICATION_HOME_DIR$/plugins/java/lib/resources/jdkAnnotations.jar!/" type="simple" />
          </root>
        </annotationsPath>
        <classPath>
          <root type="composite">
            <root url="jrt://D:/xiaoqi/work/AndroidStudio20221121/jbr!/java.base" type="simple" />
            <root url="jrt://D:/xiaoqi/work/AndroidStudio20221121/jbr!/java.compiler" type="simple" />
            <root url="jrt://D:/xiaoqi/work/AndroidStudio20221121/jbr!/java.datatransfer" type="simple" />
            <root url="jrt://D:/xiaoqi/work/AndroidStudio20221121/jbr!/java.desktop" type="simple" />
            <root url="jrt://D:/xiaoqi/work/AndroidStudio20221121/jbr!/java.instrument" type="simple" />
            <root url="jrt://D:/xiaoqi/work/AndroidStudio20221121/jbr!/java.logging" type="simple" />
            <root url="jrt://D:/xiaoqi/work/AndroidStudio20221121/jbr!/java.management" type="simple" />
            <root url="jrt://D:/xiaoqi/work/AndroidStudio20221121/jbr!/java.management.rmi" type="simple" />
            <root url="jrt://D:/xiaoqi/work/AndroidStudio20221121/jbr!/java.naming" type="simple" />
            <root url="jrt://D:/xiaoqi/work/AndroidStudio20221121/jbr!/java.net.http" type="simple" />
            <root url="jrt://D:/xiaoqi/work/AndroidStudio20221121/jbr!/java.prefs" type="simple" />
            <root url="jrt://D:/xiaoqi/work/AndroidStudio20221121/jbr!/java.rmi" type="simple" />
            <root url="jrt://D:/xiaoqi/work/AndroidStudio20221121/jbr!/java.scripting" type="simple" />
            <root url="jrt://D:/xiaoqi/work/AndroidStudio20221121/jbr!/java.se" type="simple" />
            <root url="jrt://D:/xiaoqi/work/AndroidStudio20221121/jbr!/java.security.jgss" type="simple" />
            <root url="jrt://D:/xiaoqi/work/AndroidStudio20221121/jbr!/java.security.sasl" type="simple" />
            <root url="jrt://D:/xiaoqi/work/AndroidStudio20221121/jbr!/java.smartcardio" type="simple" />
            <root url="jrt://D:/xiaoqi/work/AndroidStudio20221121/jbr!/java.sql" type="simple" />
            <root url="jrt://D:/xiaoqi/work/AndroidStudio20221121/jbr!/java.sql.rowset" type="simple" />
            <root url="jrt://D:/xiaoqi/work/AndroidStudio20221121/jbr!/java.transaction.xa" type="simple" />
            <root url="jrt://D:/xiaoqi/work/AndroidStudio20221121/jbr!/java.xml" type="simple" />
            <root url="jrt://D:/xiaoqi/work/AndroidStudio20221121/jbr!/java.xml.crypto" type="simple" />
            <root url="jrt://D:/xiaoqi/work/AndroidStudio20221121/jbr!/jdk.accessibility" type="simple" />
            <root url="jrt://D:/xiaoqi/work/AndroidStudio20221121/jbr!/jdk.aot" type="simple" />
            <root url="jrt://D:/xiaoqi/work/AndroidStudio20221121/jbr!/jdk.attach" type="simple" />
            <root url="jrt://D:/xiaoqi/work/AndroidStudio20221121/jbr!/jdk.charsets" type="simple" />
            <root url="jrt://D:/xiaoqi/work/AndroidStudio20221121/jbr!/jdk.compiler" type="simple" />
            <root url="jrt://D:/xiaoqi/work/AndroidStudio20221121/jbr!/jdk.crypto.cryptoki" type="simple" />
            <root url="jrt://D:/xiaoqi/work/AndroidStudio20221121/jbr!/jdk.crypto.ec" type="simple" />
            <root url="jrt://D:/xiaoqi/work/AndroidStudio20221121/jbr!/jdk.dynalink" type="simple" />
            <root url="jrt://D:/xiaoqi/work/AndroidStudio20221121/jbr!/jdk.hotspot.agent" type="simple" />
            <root url="jrt://D:/xiaoqi/work/AndroidStudio20221121/jbr!/jdk.httpserver" type="simple" />
            <root url="jrt://D:/xiaoqi/work/AndroidStudio20221121/jbr!/jdk.internal.ed" type="simple" />
            <root url="jrt://D:/xiaoqi/work/AndroidStudio20221121/jbr!/jdk.internal.jvmstat" type="simple" />
            <root url="jrt://D:/xiaoqi/work/AndroidStudio20221121/jbr!/jdk.internal.le" type="simple" />
            <root url="jrt://D:/xiaoqi/work/AndroidStudio20221121/jbr!/jdk.internal.opt" type="simple" />
            <root url="jrt://D:/xiaoqi/work/AndroidStudio20221121/jbr!/jdk.internal.vm.ci" type="simple" />
            <root url="jrt://D:/xiaoqi/work/AndroidStudio20221121/jbr!/jdk.internal.vm.compiler" type="simple" />
            <root url="jrt://D:/xiaoqi/work/AndroidStudio20221121/jbr!/jdk.internal.vm.compiler.management" type="simple" />
            <root url="jrt://D:/xiaoqi/work/AndroidStudio20221121/jbr!/jdk.jartool" type="simple" />
            <root url="jrt://D:/xiaoqi/work/AndroidStudio20221121/jbr!/jdk.javadoc" type="simple" />
            <root url="jrt://D:/xiaoqi/work/AndroidStudio20221121/jbr!/jdk.jdeps" type="simple" />
            <root url="jrt://D:/xiaoqi/work/AndroidStudio20221121/jbr!/jdk.jdi" type="simple" />
            <root url="jrt://D:/xiaoqi/work/AndroidStudio20221121/jbr!/jdk.jdwp.agent" type="simple" />
            <root url="jrt://D:/xiaoqi/work/AndroidStudio20221121/jbr!/jdk.jfr" type="simple" />
            <root url="jrt://D:/xiaoqi/work/AndroidStudio20221121/jbr!/jdk.jlink" type="simple" />
            <root url="jrt://D:/xiaoqi/work/AndroidStudio20221121/jbr!/jdk.jsobject" type="simple" />
            <root url="jrt://D:/xiaoqi/work/AndroidStudio20221121/jbr!/jdk.localedata" type="simple" />
            <root url="jrt://D:/xiaoqi/work/AndroidStudio20221121/jbr!/jdk.management" type="simple" />
            <root url="jrt://D:/xiaoqi/work/AndroidStudio20221121/jbr!/jdk.management.agent" type="simple" />
            <root url="jrt://D:/xiaoqi/work/AndroidStudio20221121/jbr!/jdk.management.jfr" type="simple" />
            <root url="jrt://D:/xiaoqi/work/AndroidStudio20221121/jbr!/jdk.naming.dns" type="simple" />
            <root url="jrt://D:/xiaoqi/work/AndroidStudio20221121/jbr!/jdk.naming.rmi" type="simple" />
            <root url="jrt://D:/xiaoqi/work/AndroidStudio20221121/jbr!/jdk.net" type="simple" />
            <root url="jrt://D:/xiaoqi/work/AndroidStudio20221121/jbr!/jdk.pack" type="simple" />
            <root url="jrt://D:/xiaoqi/work/AndroidStudio20221121/jbr!/jdk.scripting.nashorn" type="simple" />
            <root url="jrt://D:/xiaoqi/work/AndroidStudio20221121/jbr!/jdk.scripting.nashorn.shell" type="simple" />
            <root url="jrt://D:/xiaoqi/work/AndroidStudio20221121/jbr!/jdk.sctp" type="simple" />
            <root url="jrt://D:/xiaoqi/work/AndroidStudio20221121/jbr!/jdk.security.auth" type="simple" />
            <root url="jrt://D:/xiaoqi/work/AndroidStudio20221121/jbr!/jdk.security.jgss" type="simple" />
            <root url="jrt://D:/xiaoqi/work/AndroidStudio20221121/jbr!/jdk.unsupported" type="simple" />
            <root url="jrt://D:/xiaoqi/work/AndroidStudio20221121/jbr!/jdk.xml.dom" type="simple" />
            <root url="jrt://D:/xiaoqi/work/AndroidStudio20221121/jbr!/jdk.zipfs" type="simple" />
          </root>
        </classPath>
        <javadocPath>
          <root type="composite" />
        </javadocPath>
        <sourcePath>
          <root type="composite" />
        </sourcePath>
      </roots>
      <additional />
    </jdk>
    <jdk version="2">
      <name value="jbr-11" />
      <type value="JavaSDK" />
      <version value="JetBrains Runtime version 11.0.15" />
      <homePath value="$APPLICATION_HOME_DIR$/jbr" />
      <roots>
        <annotationsPath>
          <root type="composite">
            <root url="jar://$APPLICATION_HOME_DIR$/plugins/java/lib/resources/jdkAnnotations.jar!/" type="simple" />
          </root>
        </annotationsPath>
        <classPath>
          <root type="composite">
            <root url="jrt://D:/xiaoqi/work/AndroidStudio20221121/jbr!/java.base" type="simple" />
            <root url="jrt://D:/xiaoqi/work/AndroidStudio20221121/jbr!/java.compiler" type="simple" />
            <root url="jrt://D:/xiaoqi/work/AndroidStudio20221121/jbr!/java.datatransfer" type="simple" />
            <root url="jrt://D:/xiaoqi/work/AndroidStudio20221121/jbr!/java.desktop" type="simple" />
            <root url="jrt://D:/xiaoqi/work/AndroidStudio20221121/jbr!/java.instrument" type="simple" />
            <root url="jrt://D:/xiaoqi/work/AndroidStudio20221121/jbr!/java.logging" type="simple" />
            <root url="jrt://D:/xiaoqi/work/AndroidStudio20221121/jbr!/java.management" type="simple" />
            <root url="jrt://D:/xiaoqi/work/AndroidStudio20221121/jbr!/java.management.rmi" type="simple" />
            <root url="jrt://D:/xiaoqi/work/AndroidStudio20221121/jbr!/java.naming" type="simple" />
            <root url="jrt://D:/xiaoqi/work/AndroidStudio20221121/jbr!/java.net.http" type="simple" />
            <root url="jrt://D:/xiaoqi/work/AndroidStudio20221121/jbr!/java.prefs" type="simple" />
            <root url="jrt://D:/xiaoqi/work/AndroidStudio20221121/jbr!/java.rmi" type="simple" />
            <root url="jrt://D:/xiaoqi/work/AndroidStudio20221121/jbr!/java.scripting" type="simple" />
            <root url="jrt://D:/xiaoqi/work/AndroidStudio20221121/jbr!/java.se" type="simple" />
            <root url="jrt://D:/xiaoqi/work/AndroidStudio20221121/jbr!/java.security.jgss" type="simple" />
            <root url="jrt://D:/xiaoqi/work/AndroidStudio20221121/jbr!/java.security.sasl" type="simple" />
            <root url="jrt://D:/xiaoqi/work/AndroidStudio20221121/jbr!/java.smartcardio" type="simple" />
            <root url="jrt://D:/xiaoqi/work/AndroidStudio20221121/jbr!/java.sql" type="simple" />
            <root url="jrt://D:/xiaoqi/work/AndroidStudio20221121/jbr!/java.sql.rowset" type="simple" />
            <root url="jrt://D:/xiaoqi/work/AndroidStudio20221121/jbr!/java.transaction.xa" type="simple" />
            <root url="jrt://D:/xiaoqi/work/AndroidStudio20221121/jbr!/java.xml" type="simple" />
            <root url="jrt://D:/xiaoqi/work/AndroidStudio20221121/jbr!/java.xml.crypto" type="simple" />
            <root url="jrt://D:/xiaoqi/work/AndroidStudio20221121/jbr!/jdk.accessibility" type="simple" />
            <root url="jrt://D:/xiaoqi/work/AndroidStudio20221121/jbr!/jdk.aot" type="simple" />
            <root url="jrt://D:/xiaoqi/work/AndroidStudio20221121/jbr!/jdk.attach" type="simple" />
            <root url="jrt://D:/xiaoqi/work/AndroidStudio20221121/jbr!/jdk.charsets" type="simple" />
            <root url="jrt://D:/xiaoqi/work/AndroidStudio20221121/jbr!/jdk.compiler" type="simple" />
            <root url="jrt://D:/xiaoqi/work/AndroidStudio20221121/jbr!/jdk.crypto.cryptoki" type="simple" />
            <root url="jrt://D:/xiaoqi/work/AndroidStudio20221121/jbr!/jdk.crypto.ec" type="simple" />
            <root url="jrt://D:/xiaoqi/work/AndroidStudio20221121/jbr!/jdk.dynalink" type="simple" />
            <root url="jrt://D:/xiaoqi/work/AndroidStudio20221121/jbr!/jdk.hotspot.agent" type="simple" />
            <root url="jrt://D:/xiaoqi/work/AndroidStudio20221121/jbr!/jdk.httpserver" type="simple" />
            <root url="jrt://D:/xiaoqi/work/AndroidStudio20221121/jbr!/jdk.internal.ed" type="simple" />
            <root url="jrt://D:/xiaoqi/work/AndroidStudio20221121/jbr!/jdk.internal.jvmstat" type="simple" />
            <root url="jrt://D:/xiaoqi/work/AndroidStudio20221121/jbr!/jdk.internal.le" type="simple" />
            <root url="jrt://D:/xiaoqi/work/AndroidStudio20221121/jbr!/jdk.internal.opt" type="simple" />
            <root url="jrt://D:/xiaoqi/work/AndroidStudio20221121/jbr!/jdk.internal.vm.ci" type="simple" />
            <root url="jrt://D:/xiaoqi/work/AndroidStudio20221121/jbr!/jdk.internal.vm.compiler" type="simple" />
            <root url="jrt://D:/xiaoqi/work/AndroidStudio20221121/jbr!/jdk.internal.vm.compiler.management" type="simple" />
            <root url="jrt://D:/xiaoqi/work/AndroidStudio20221121/jbr!/jdk.jartool" type="simple" />
            <root url="jrt://D:/xiaoqi/work/AndroidStudio20221121/jbr!/jdk.javadoc" type="simple" />
            <root url="jrt://D:/xiaoqi/work/AndroidStudio20221121/jbr!/jdk.jdeps" type="simple" />
            <root url="jrt://D:/xiaoqi/work/AndroidStudio20221121/jbr!/jdk.jdi" type="simple" />
            <root url="jrt://D:/xiaoqi/work/AndroidStudio20221121/jbr!/jdk.jdwp.agent" type="simple" />
            <root url="jrt://D:/xiaoqi/work/AndroidStudio20221121/jbr!/jdk.jfr" type="simple" />
            <root url="jrt://D:/xiaoqi/work/AndroidStudio20221121/jbr!/jdk.jlink" type="simple" />
            <root url="jrt://D:/xiaoqi/work/AndroidStudio20221121/jbr!/jdk.jsobject" type="simple" />
            <root url="jrt://D:/xiaoqi/work/AndroidStudio20221121/jbr!/jdk.localedata" type="simple" />
            <root url="jrt://D:/xiaoqi/work/AndroidStudio20221121/jbr!/jdk.management" type="simple" />
            <root url="jrt://D:/xiaoqi/work/AndroidStudio20221121/jbr!/jdk.management.agent" type="simple" />
            <root url="jrt://D:/xiaoqi/work/AndroidStudio20221121/jbr!/jdk.management.jfr" type="simple" />
            <root url="jrt://D:/xiaoqi/work/AndroidStudio20221121/jbr!/jdk.naming.dns" type="simple" />
            <root url="jrt://D:/xiaoqi/work/AndroidStudio20221121/jbr!/jdk.naming.rmi" type="simple" />
            <root url="jrt://D:/xiaoqi/work/AndroidStudio20221121/jbr!/jdk.net" type="simple" />
            <root url="jrt://D:/xiaoqi/work/AndroidStudio20221121/jbr!/jdk.pack" type="simple" />
            <root url="jrt://D:/xiaoqi/work/AndroidStudio20221121/jbr!/jdk.scripting.nashorn" type="simple" />
            <root url="jrt://D:/xiaoqi/work/AndroidStudio20221121/jbr!/jdk.scripting.nashorn.shell" type="simple" />
            <root url="jrt://D:/xiaoqi/work/AndroidStudio20221121/jbr!/jdk.sctp" type="simple" />
            <root url="jrt://D:/xiaoqi/work/AndroidStudio20221121/jbr!/jdk.security.auth" type="simple" />
            <root url="jrt://D:/xiaoqi/work/AndroidStudio20221121/jbr!/jdk.security.jgss" type="simple" />
            <root url="jrt://D:/xiaoqi/work/AndroidStudio20221121/jbr!/jdk.unsupported" type="simple" />
            <root url="jrt://D:/xiaoqi/work/AndroidStudio20221121/jbr!/jdk.xml.dom" type="simple" />
            <root url="jrt://D:/xiaoqi/work/AndroidStudio20221121/jbr!/jdk.zipfs" type="simple" />
          </root>
        </classPath>
        <javadocPath>
          <root type="composite" />
        </javadocPath>
        <sourcePath>
          <root type="composite" />
        </sourcePath>
      </roots>
      <additional />
    </jdk>
    <jdk version="2">
      <name value="Kotlin SDK" />
      <type value="KotlinSDK" />
      <homePath value="" />
      <roots>
        <annotationsPath>
          <root type="composite" />
        </annotationsPath>
        <classPath>
          <root type="composite" />
        </classPath>
        <javadocPath>
          <root type="composite" />
        </javadocPath>
        <sourcePath>
          <root type="composite" />
        </sourcePath>
      </roots>
      <additional />
    </jdk>
    <jdk version="2">
      <name value="Android API 33, extension level 3 Platform" />
      <type value="Android SDK" />
      <version value="Oracle OpenJDK version 1.8.0_60" />
      <homePath value="D:/xiaoqi/work/androidsdk" />
      <roots>
        <annotationsPath>
          <root type="composite">
            <root url="jar://D:/xiaoqi/work/androidsdk/platforms/android-33/data/annotations.zip!/" type="simple" />
          </root>
        </annotationsPath>
        <classPath>
          <root type="composite">
            <root url="jar://D:/xiaoqi/work/androidsdk/platforms/android-33/android.jar!/" type="simple" />
            <root url="file://D:/xiaoqi/work/androidsdk/platforms/android-33/data/res" type="simple" />
          </root>
        </classPath>
        <javadocPath>
          <root type="composite">
            <root url="http://developer.android.com/reference/" type="simple" />
          </root>
        </javadocPath>
        <sourcePath>
          <root type="composite" />
        </sourcePath>
      </roots>
      <additional jdk="1.8" sdk="android-33" />
    </jdk>
    <jdk version="2">
      <name value="Android Studio java home" />
      <type value="JavaSDK" />
      <version value="Oracle OpenJDK version 1.8.0_60" />
      <homePath value="C:/Program Files/Java/jdk1.8.0_60" />
      <roots>
        <annotationsPath>
          <root type="composite">
            <root url="jar://$APPLICATION_HOME_DIR$/plugins/java/lib/resources/jdkAnnotations.jar!/" type="simple" />
          </root>
        </annotationsPath>
        <classPath>
          <root type="composite">
            <root url="jar://C:/Program Files/Java/jdk1.8.0_60/lib/ant-javafx.jar!/" type="simple" />
            <root url="jar://C:/Program Files/Java/jdk1.8.0_60/lib/dt.jar!/" type="simple" />
            <root url="jar://C:/Program Files/Java/jdk1.8.0_60/lib/javafx-mx.jar!/" type="simple" />
            <root url="jar://C:/Program Files/Java/jdk1.8.0_60/lib/jconsole.jar!/" type="simple" />
            <root url="jar://C:/Program Files/Java/jdk1.8.0_60/lib/packager.jar!/" type="simple" />
            <root url="jar://C:/Program Files/Java/jdk1.8.0_60/lib/sa-jdi.jar!/" type="simple" />
            <root url="jar://C:/Program Files/Java/jdk1.8.0_60/lib/tools.jar!/" type="simple" />
          </root>
        </classPath>
        <javadocPath>
          <root type="composite" />
        </javadocPath>
        <sourcePath>
          <root type="composite">
            <root url="jar://C:/Program Files/Java/jdk1.8.0_60/src.zip!/" type="simple" />
            <root url="jar://C:/Program Files/Java/jdk1.8.0_60/javafx-src.zip!/" type="simple" />
          </root>
        </sourcePath>
      </roots>
      <additional />
    </jdk>
    <jdk version="2">
      <name value="11" />
      <type value="JavaSDK" />
      <version value="java version &quot;11.0.15&quot;" />
      <homePath value="$APPLICATION_HOME_DIR$/jbr" />
      <roots>
        <annotationsPath>
          <root type="composite">
            <root url="jar://$APPLICATION_HOME_DIR$/plugins/java/lib/resources/jdkAnnotations.jar!/" type="simple" />
          </root>
        </annotationsPath>
        <classPath>
          <root type="composite">
            <root url="jrt://D:/xiaoqi/work/AndroidStudio20221121/jbr!/java.base" type="simple" />
            <root url="jrt://D:/xiaoqi/work/AndroidStudio20221121/jbr!/java.compiler" type="simple" />
            <root url="jrt://D:/xiaoqi/work/AndroidStudio20221121/jbr!/java.datatransfer" type="simple" />
            <root url="jrt://D:/xiaoqi/work/AndroidStudio20221121/jbr!/java.desktop" type="simple" />
            <root url="jrt://D:/xiaoqi/work/AndroidStudio20221121/jbr!/java.instrument" type="simple" />
            <root url="jrt://D:/xiaoqi/work/AndroidStudio20221121/jbr!/java.logging" type="simple" />
            <root url="jrt://D:/xiaoqi/work/AndroidStudio20221121/jbr!/java.management" type="simple" />
            <root url="jrt://D:/xiaoqi/work/AndroidStudio20221121/jbr!/java.management.rmi" type="simple" />
            <root url="jrt://D:/xiaoqi/work/AndroidStudio20221121/jbr!/java.naming" type="simple" />
            <root url="jrt://D:/xiaoqi/work/AndroidStudio20221121/jbr!/java.net.http" type="simple" />
            <root url="jrt://D:/xiaoqi/work/AndroidStudio20221121/jbr!/java.prefs" type="simple" />
            <root url="jrt://D:/xiaoqi/work/AndroidStudio20221121/jbr!/java.rmi" type="simple" />
            <root url="jrt://D:/xiaoqi/work/AndroidStudio20221121/jbr!/java.scripting" type="simple" />
            <root url="jrt://D:/xiaoqi/work/AndroidStudio20221121/jbr!/java.se" type="simple" />
            <root url="jrt://D:/xiaoqi/work/AndroidStudio20221121/jbr!/java.security.jgss" type="simple" />
            <root url="jrt://D:/xiaoqi/work/AndroidStudio20221121/jbr!/java.security.sasl" type="simple" />
            <root url="jrt://D:/xiaoqi/work/AndroidStudio20221121/jbr!/java.smartcardio" type="simple" />
            <root url="jrt://D:/xiaoqi/work/AndroidStudio20221121/jbr!/java.sql" type="simple" />
            <root url="jrt://D:/xiaoqi/work/AndroidStudio20221121/jbr!/java.sql.rowset" type="simple" />
            <root url="jrt://D:/xiaoqi/work/AndroidStudio20221121/jbr!/java.transaction.xa" type="simple" />
            <root url="jrt://D:/xiaoqi/work/AndroidStudio20221121/jbr!/java.xml" type="simple" />
            <root url="jrt://D:/xiaoqi/work/AndroidStudio20221121/jbr!/java.xml.crypto" type="simple" />
            <root url="jrt://D:/xiaoqi/work/AndroidStudio20221121/jbr!/jdk.accessibility" type="simple" />
            <root url="jrt://D:/xiaoqi/work/AndroidStudio20221121/jbr!/jdk.aot" type="simple" />
            <root url="jrt://D:/xiaoqi/work/AndroidStudio20221121/jbr!/jdk.attach" type="simple" />
            <root url="jrt://D:/xiaoqi/work/AndroidStudio20221121/jbr!/jdk.charsets" type="simple" />
            <root url="jrt://D:/xiaoqi/work/AndroidStudio20221121/jbr!/jdk.compiler" type="simple" />
            <root url="jrt://D:/xiaoqi/work/AndroidStudio20221121/jbr!/jdk.crypto.cryptoki" type="simple" />
            <root url="jrt://D:/xiaoqi/work/AndroidStudio20221121/jbr!/jdk.crypto.ec" type="simple" />
            <root url="jrt://D:/xiaoqi/work/AndroidStudio20221121/jbr!/jdk.dynalink" type="simple" />
            <root url="jrt://D:/xiaoqi/work/AndroidStudio20221121/jbr!/jdk.hotspot.agent" type="simple" />
            <root url="jrt://D:/xiaoqi/work/AndroidStudio20221121/jbr!/jdk.httpserver" type="simple" />
            <root url="jrt://D:/xiaoqi/work/AndroidStudio20221121/jbr!/jdk.internal.ed" type="simple" />
            <root url="jrt://D:/xiaoqi/work/AndroidStudio20221121/jbr!/jdk.internal.jvmstat" type="simple" />
            <root url="jrt://D:/xiaoqi/work/AndroidStudio20221121/jbr!/jdk.internal.le" type="simple" />
            <root url="jrt://D:/xiaoqi/work/AndroidStudio20221121/jbr!/jdk.internal.opt" type="simple" />
            <root url="jrt://D:/xiaoqi/work/AndroidStudio20221121/jbr!/jdk.internal.vm.ci" type="simple" />
            <root url="jrt://D:/xiaoqi/work/AndroidStudio20221121/jbr!/jdk.internal.vm.compiler" type="simple" />
            <root url="jrt://D:/xiaoqi/work/AndroidStudio20221121/jbr!/jdk.internal.vm.compiler.management" type="simple" />
            <root url="jrt://D:/xiaoqi/work/AndroidStudio20221121/jbr!/jdk.jartool" type="simple" />
            <root url="jrt://D:/xiaoqi/work/AndroidStudio20221121/jbr!/jdk.javadoc" type="simple" />
            <root url="jrt://D:/xiaoqi/work/AndroidStudio20221121/jbr!/jdk.jdeps" type="simple" />
            <root url="jrt://D:/xiaoqi/work/AndroidStudio20221121/jbr!/jdk.jdi" type="simple" />
            <root url="jrt://D:/xiaoqi/work/AndroidStudio20221121/jbr!/jdk.jdwp.agent" type="simple" />
            <root url="jrt://D:/xiaoqi/work/AndroidStudio20221121/jbr!/jdk.jfr" type="simple" />
            <root url="jrt://D:/xiaoqi/work/AndroidStudio20221121/jbr!/jdk.jlink" type="simple" />
            <root url="jrt://D:/xiaoqi/work/AndroidStudio20221121/jbr!/jdk.jsobject" type="simple" />
            <root url="jrt://D:/xiaoqi/work/AndroidStudio20221121/jbr!/jdk.localedata" type="simple" />
            <root url="jrt://D:/xiaoqi/work/AndroidStudio20221121/jbr!/jdk.management" type="simple" />
            <root url="jrt://D:/xiaoqi/work/AndroidStudio20221121/jbr!/jdk.management.agent" type="simple" />
            <root url="jrt://D:/xiaoqi/work/AndroidStudio20221121/jbr!/jdk.management.jfr" type="simple" />
            <root url="jrt://D:/xiaoqi/work/AndroidStudio20221121/jbr!/jdk.naming.dns" type="simple" />
            <root url="jrt://D:/xiaoqi/work/AndroidStudio20221121/jbr!/jdk.naming.rmi" type="simple" />
            <root url="jrt://D:/xiaoqi/work/AndroidStudio20221121/jbr!/jdk.net" type="simple" />
            <root url="jrt://D:/xiaoqi/work/AndroidStudio20221121/jbr!/jdk.pack" type="simple" />
            <root url="jrt://D:/xiaoqi/work/AndroidStudio20221121/jbr!/jdk.scripting.nashorn" type="simple" />
            <root url="jrt://D:/xiaoqi/work/AndroidStudio20221121/jbr!/jdk.scripting.nashorn.shell" type="simple" />
            <root url="jrt://D:/xiaoqi/work/AndroidStudio20221121/jbr!/jdk.sctp" type="simple" />
            <root url="jrt://D:/xiaoqi/work/AndroidStudio20221121/jbr!/jdk.security.auth" type="simple" />
            <root url="jrt://D:/xiaoqi/work/AndroidStudio20221121/jbr!/jdk.security.jgss" type="simple" />
            <root url="jrt://D:/xiaoqi/work/AndroidStudio20221121/jbr!/jdk.unsupported" type="simple" />
            <root url="jrt://D:/xiaoqi/work/AndroidStudio20221121/jbr!/jdk.xml.dom" type="simple" />
            <root url="jrt://D:/xiaoqi/work/AndroidStudio20221121/jbr!/jdk.zipfs" type="simple" />
          </root>
        </classPath>
        <javadocPath>
          <root type="composite">
            <root url="https://docs.oracle.com/en/java/javase/11/docs/api/" type="simple" />
          </root>
        </javadocPath>
        <sourcePath>
          <root type="composite" />
        </sourcePath>
      </roots>
      <additional />
    </jdk>
  </component>
</application>