<application>
  <component name="ParameterNameHintsSettings">
    <blacklists>
      <blacklist language="Java">
        <added pattern="android.content.Context.getSystemService(name)" />
      </blacklist>
      <blacklist language="Kotlin" />
    </blacklists>
    <option id="SHOW_PROPERTY_HINT" value="true" />
    <option id="SHOW_LOCAL_VARIABLE_HINT" value="true" />
    <option id="SHOW_FUNCTION_HINT" value="true" />
    <option id="SHOW_PARAMETER_TYPE_HINT" value="true" />
    <option id="SHOW_SUSPENDING_CALL" value="true" />
  </component>
</application>