<application>
  <component name="GitRememberedInputs">
    <option name="visitedUrls">
      <list>
        <UrlAndUserName>
          <option name="url" value="http://192.168.123.60/zhubin/svpn_client_android.git" />
          <option name="userName" value="" />
        </UrlAndUserName>
        <UrlAndUserName>
          <option name="url" value="https://github.com/xqgithub/TestKotlin.git" />
          <option name="userName" value="" />
        </UrlAndUserName>
        <UrlAndUserName>
          <option name="url" value="http://github.com" />
          <option name="userName" value="xqgithub" />
        </UrlAndUserName>
        <UrlAndUserName>
          <option name="url" value="http://gitlab.talk-cloud.com" />
          <option name="userName" value="xiaoqi@talk-cloud.com" />
        </UrlAndUserName>
      </list>
    </option>
    <option name="cloneParentDir" value="D:\ceshi\TestKotlin" />
  </component>
  <component name="Vcs.Log.App.Settings">
    <option name="COLUMN_ORDER">
      <list>
        <option value="0" />
        <option value="1" />
        <option value="2" />
        <option value="3" />
      </list>
    </option>
  </component>
</application>