<application>
  <component name="AppStorage">
    <histories>
      <item value="stetho" />
      <item value="permissionx" />
      <item value="Shadow Layout" />
      <item value="okhttp 3" />
      <item value="申请权限" />
      <item value="Account Login Presenter" />
      <item value="subordinate" />
      <item value="The x-coord for the pivot point (unchanged by the scale)" />
      <item value="The distance above(-) or below(+) the path to position the text" />
      <item value="The distance along the path to add to the text's starting position" />
      <item value="This method does not support glyph composition and decomposition and should therefore not be used to render complex scripts. It also doesn't handle supplementary characters (eg emoji)." />
      <item value="collided" />
      <item value="Attribute Set" />
      <item value="还没上传备课内容吆" />
      <item value="Only the original thread that created a view hierarchy can touch its views." />
      <item value="Don't use the cache, load from the network." />
      <item value="It is not recommended to adjust thread priorities, and this will not be supported in future versions." />
      <item value="the decoded path, or null if this is not a hierarchical URI" />
      <item value="最多只能选择%s个文件类型" />
      <item value="最多只能选择%s个音频" />
      <item value="最多只能选择%s个视频" />
      <item value="最多只能选择%s张图片" />
      <item value="已提醒" />
      <item value="提醒" />
      <item value="暂无数据" />
      <item value="岁" />
      <item value="刚刚" />
      <item value="分" />
      <item value="时" />
      <item value="分钟前" />
      <item value="今天" />
      <item value="昨天" />
      <item value="日" />
      <item value="月" />
      <item value="年" />
      <item value="通知" />
      <item value="最多只能选择%s张图" />
      <item value="NETWORK" />
      <item value="NETWORKDISKBEANS" />
      <item value="Tests if this string starts with the specified prefix." />
      <item value="Cannot assign a value to final variable 'audioentintys'" />
      <item value="Variable 'audioentintys' is accessed from within inner class, needs to be final or effectively final" />
      <item value="Audio Entinty" />
      <item value="The right margin in pixels of the child. Margin values should be positive. Call {@link ViewGroup#setLayoutParams(LayoutParams)} after reassigning a new value to this field." />
      <item value="Start" />
      <item value="softinputmode" />
      <item value="shortcut" />
      <item value="if addHeaderView will be return 1, if not will be return 0" />
      <item value="attachToRoot Whether the inflated hierarchy should be attached to the root parameter? If false, root is only used to create the correct subclass of LayoutParams for the root view in the XML." />
      <item value="Returns a pointer to the allocated memory on success and returns a null pointer and sets `errno` on failure." />
    </histories>
    <option name="languageScores">
      <map>
        <entry key="CHINESE" value="460" />
        <entry key="ENGLISH" value="459" />
        <entry key="CHINESE_TRADITIONAL" value="55" />
        <entry key="DANISH" value="1" />
        <entry key="KHMER" value="1" />
        <entry key="ZULU" value="1" />
        <entry key="PORTUGUESE" value="1" />
        <entry key="JAPANESE" value="1" />
        <entry key="SOMALI" value="1" />
        <entry key="ITALIAN" value="1" />
      </map>
    </option>
  </component>
  <component name="Cache">
    <option name="lastTrimTime" value="1608519097175" />
  </component>
  <component name="Settings">
    <option name="baiduTranslateSettings">
      <app-key>
        <option name="appId" value="20210916000945321" />
      </app-key>
    </option>
    <option name="ignoreRegExp" value="" />
  </component>
  <component name="Translation.Cache">
    <option name="lastTrimTime" value="1683444461639" />
  </component>
  <component name="Translation.Settings">
    <option name="baiduTranslateSettings">
      <app-key>
        <option name="appId" value="20210916000945321" />
      </app-key>
    </option>
    <option name="primaryLanguage" value="CHINESE" />
    <option name="translator" value="BAIDU" />
  </component>
  <component name="Translation.States">
    <option name="newTranslationDialogWidth" value="582" />
    <option name="newTranslationDialogX" value="2799" />
    <option name="newTranslationDialogY" value="491" />
    <histories>
      <item value="Make sure the identity of this thread is that of the local process, and keep track of what that identity token actually is." />
      <item value="Loop again would have the queued messages be executed" />
      <item value="Process the quit message now that all pending messages have been handled" />
      <item value="m Quitting" />
      <item value="Return here if the message loop has already quit and been disposed. This can happen if the application tries to restart a looper after quit which is not supported." />
      <item value="Inserted within the middle of the queue. Usually we don't have to wake up the event queue unless there is a barrier at the head of the queue and the message is the earliest asynchronous message in the queue." />
      <item value="m Asynchronous" />
      <item value="quit Allowed" />
      <item value="The main looper for your application is created by the Android environment, so you should never need to call this function yourself." />
      <item value="the initial delay before signalling the first value (the start)" />
      <item value="the period between subsequent values" />
      <item value="that start value of the range" />
      <item value="he number of values to emit in total, if zero, the operator emits an onComplete after the initial delay" />
      <item value="DEFAULT PRIORITY" />
      <item value="THREAD PRIORITY URGENT AUDIO" />
      <item value="A filter declaring which rows to return, formatted as an SQL WHERE clause (excluding the WHERE itself). Passing null will return all rows for the given URL" />
      <item value="You may include ?s in selection, which will be replaced by the values from selectionArgs, in order that they appear in the selection. The values will be bound as Strings." />
      <item value="he list of interfaces for the proxy class to implement" />
      <item value="the class loader to define the proxy class" />
      <item value="Proxy.newProxyInstance throws IllegalArgumentException for the same reasons that Proxy.getProxyClass does." />
      <item value="get Generic Superclass" />
      <item value="Creates ViewModelProvider. This will create ViewModels and retain them in a store of the given ViewModelStoreOwner" />
      <item value="Whether the inflated hierarchy should be attached to the root parameter? If false, root is only used to create the correct subclass of LayoutParams for the root view in the XML." />
      <item value="File creation mode: the default mode, where the created file can only be accessed by the calling application (or all applications sharing the same user ID)" />
      <item value="File creation mode: the default mode, where the created file can only be accessed by the calling application (or all applications sharing the same user ID)." />
      <item value="Instructs compiler to generate or omit wildcards for type arguments corresponding to parameters with declaration-site variance, for example such as Collection&lt;out T&gt; has. If the innermost applied @JvmSuppressWildcards has suppress=true, the type is generated without wildcards. If the innermost applied @JvmSuppressWildcards has suppress=false, the type is generated with wildcards. It may be helpful only if declaration seems to be inconvenient to use from Java." />
      <item value="Property address should be initialized before get" />
      <item value="Delegate Game Player" />
      <item value="indices" />
      <item value="Composite" />
      <item value="树枝" />
      <item value="叶子" />
      <item value="组合模式" />
      <item value="代理模式" />
      <item value="Concrete" />
      <item value="This project contains Java compilation errors, which can cause rendering failures for custom views. Fix compilation problems first." />
      <item value="how many items emitted by the source ObservableSource should be skipped" />
      <item value="the maximum size of each buffer before it should be emitted" />
      <item value="Returns a range from this value up to but excluding the specified to value. If the to value is less than or equal to this value, then the returned range is empty" />
      <item value="Drops the most recent onNext value if the downstream can't keep up" />
      <item value="框架模板" />
      <item value="It seems you're using 'idea.system.path' property to specify the location of the caches directory. In 2020.1, default locations of application directories were changed. For compatibility, the IDE picked the old location of logs (D:\xiaoqi\work\.AndroidStudio4.0\systemlog), but to avoid any ambiguity in the future (and to get rid of this warning) please set 'idea.log.path' property, too." />
      <item value="Move the cursor to the next row. This method will return false if the cursor is already past the last entry in the result set. Returns: whether the move succeeded." />
      <item value="Move the cursor to the first row. This method will return false if the cursor is empty. Returns: whether the move succeeded." />
      <item value="查询" />
      <item value="click With Trigger" />
      <item value="tv ADIL" />
      <item value="全局" />
      <item value="screen Orientation" />
      <item value="启动模式" />
    </histories>
    <option name="languageScores">
      <map>
        <entry key="CHINESE" value="82" />
        <entry key="ENGLISH" value="83" />
        <entry key="INDONESIAN" value="2" />
      </map>
    </option>
  </component>
</application>